{
  "hash": "fb28d9a4",
  "configHash": "a9d225ba",
  "lockfileHash": "078e498a",
  "browserHash": "77f5f0eb",
  "optimized": {
    "@angular/common/http": {
      "src": "../../../../../../node_modules/@angular/common/fesm2022/http.mjs",
      "file": "@angular_common_http.js",
      "fileHash": "f0f0847d",
      "needsInterop": false
    },
    "@angular/core": {
      "src": "../../../../../../node_modules/@angular/core/fesm2022/core.mjs",
      "file": "@angular_core.js",
      "fileHash": "a69196aa",
      "needsInterop": false
    },
    "@angular/platform-browser": {
      "src": "../../../../../../node_modules/@angular/platform-browser/fesm2022/platform-browser.mjs",
      "file": "@angular_platform-browser.js",
      "fileHash": "a4e1d6a4",
      "needsInterop": false
    },
    "@angular/router": {
      "src": "../../../../../../node_modules/@angular/router/fesm2022/router.mjs",
      "file": "@angular_router.js",
      "fileHash": "2816cb8a",
      "needsInterop": false
    }
  },
  "chunks": {
    "chunk-VKQN7XWW": {
      "file": "chunk-VKQN7XWW.js"
    },
    "chunk-TKBY4BQO": {
      "file": "chunk-TKBY4BQO.js"
    },
    "chunk-TRF2SD64": {
      "file": "chunk-TRF2SD64.js"
    }
  }
}