{
  "hash": "261b4331",
  "configHash": "55378e12",
  "lockfileHash": "078e498a",
  "browserHash": "c0a9a5c8",
  "optimized": {
    "@angular/common": {
      "src": "../../../../../../node_modules/@angular/common/fesm2022/common.mjs",
      "file": "@angular_common.js",
      "fileHash": "4331985f",
      "needsInterop": false
    },
    "@angular/common/http": {
      "src": "../../../../../../node_modules/@angular/common/fesm2022/http.mjs",
      "file": "@angular_common_http.js",
      "fileHash": "1bb646a4",
      "needsInterop": false
    },
    "@angular/core": {
      "src": "../../../../../../node_modules/@angular/core/fesm2022/core.mjs",
      "file": "@angular_core.js",
      "fileHash": "d9ba6272",
      "needsInterop": false
    },
    "@angular/forms": {
      "src": "../../../../../../node_modules/@angular/forms/fesm2022/forms.mjs",
      "file": "@angular_forms.js",
      "fileHash": "8a21fa15",
      "needsInterop": false
    },
    "@angular/platform-browser": {
      "src": "../../../../../../node_modules/@angular/platform-browser/fesm2022/platform-browser.mjs",
      "file": "@angular_platform-browser.js",
      "fileHash": "be392ddc",
      "needsInterop": false
    },
    "@angular/router": {
      "src": "../../../../../../node_modules/@angular/router/fesm2022/router.mjs",
      "file": "@angular_router.js",
      "fileHash": "1a65a47e",
      "needsInterop": false
    }
  },
  "chunks": {
    "chunk-DC5ZVHAW": {
      "file": "chunk-DC5ZVHAW.js"
    },
    "chunk-ZOE5VS72": {
      "file": "chunk-ZOE5VS72.js"
    },
    "chunk-5BNAFVWX": {
      "file": "chunk-5BNAFVWX.js"
    },
    "chunk-W2WIUP6R": {
      "file": "chunk-W2WIUP6R.js"
    },
    "chunk-RMMR5MDJ": {
      "file": "chunk-RMMR5MDJ.js"
    }
  }
}